{"options":{"sidebarPath":"D:\\dev_packages\\pdf maker\\euv-guide-site\\sidebars.ts","remarkPlugins":[null],"rehypePlugins":[null],"path":"docs","editCurrentVersion":false,"editLocalizedFiles":false,"routeBasePath":"docs","tagsBasePath":"tags","include":["**/*.{md,mdx}"],"exclude":["**/_*.{js,jsx,ts,tsx,md,mdx}","**/_*/**","**/*.test.{js,jsx,ts,tsx}","**/__tests__/**"],"sidebarCollapsible":true,"sidebarCollapsed":true,"docsRootComponent":"@theme/DocsRoot","docVersionRootComponent":"@theme/DocVersionRoot","docRootComponent":"@theme/DocRoot","docItemComponent":"@theme/DocItem","docTagsListComponent":"@theme/DocTagsListPage","docTagDocListComponent":"@theme/DocTagDocListPage","docCategoryGeneratedIndexComponent":"@theme/DocCategoryGeneratedIndexPage","recmaPlugins":[],"beforeDefaultRemarkPlugins":[],"beforeDefaultRehypePlugins":[],"admonitions":true,"showLastUpdateTime":false,"showLastUpdateAuthor":false,"includeCurrentVersion":true,"disableVersioning":false,"versions":{},"breadcrumbs":true,"onInlineTags":"warn","id":"default"},"versionsMetadata":[{"versionName":"current","label":"Next","banner":null,"badge":false,"noIndex":false,"className":"docs-version-current","path":"/docs","tagsPath":"/docs/tags","isLast":true,"routePriority":-1,"sidebarFilePath":"D:\\dev_packages\\pdf maker\\euv-guide-site\\sidebars.ts","contentPath":"D:\\dev_packages\\pdf maker\\euv-guide-site\\docs","contentPathLocalized":"D:\\dev_packages\\pdf maker\\euv-guide-site\\i18n\\en\\docusaurus-plugin-content-docs\\current"}]}