{
  "id": "chapters/intro",
  "title": "intro",
  "description": "",
  "source": "@site/docs/chapters/01-intro.mdx",
  "sourceDirName": "chapters",
  "slug": "/chapters/intro",
  "permalink": "/docs/chapters/intro",
  "draft": false,
  "unlisted": false,
  "tags": [],
  "version": "current",
  "sidebarPosition": 1,
  "frontMatter": {},
  "sidebar": "tutorialSidebar",
  "previous": {
    "title": "Welcome to EUV Lithography Guide",
    "permalink": "/docs/intro"
  },
  "next": {
    "title": "2 — Photolithography Basics (Analogy-Driven)",
    "permalink": "/docs/chapters/photolithography-basics"
  }
}