{
  "id": "chapters/intro",
  "title": "1 — Introduction: Why Microchips Matter",
  "description": "Microchips power phones, laptops, AI accelerators, cars, and cloud servers. Each advanced chip hosts billions of transistors wired together in nanoscale patterns.",
  "source": "@site/docs/chapters/intro.mdx",
  "sourceDirName": "chapters",
  "slug": "/chapters/intro",
  "permalink": "/docs/chapters/intro",
  "draft": false,
  "unlisted": false,
  "tags": [],
  "version": "current",
  "sidebarPosition": 1,
  "frontMatter": {
    "title": "1 — Introduction: Why Microchips Matter",
    "sidebar_position": 1
  },
  "sidebar": "tutorialSidebar",
  "previous": {
    "title": "Welcome to EUV Lithography Guide",
    "permalink": "/docs/intro"
  },
  "next": {
    "title": "2 — Photolithography Basics (Analogy-Driven)",
    "permalink": "/docs/chapters/photolithography-basics"
  }
}