{
  "id": "chapters/why-euv-rayleigh",
  "title": "why-euv-rayleigh",
  "description": "",
  "source": "@site/docs/chapters/03-why-euv-rayleigh.mdx",
  "sourceDirName": "chapters",
  "slug": "/chapters/why-euv-rayleigh",
  "permalink": "/docs/chapters/why-euv-rayleigh",
  "draft": false,
  "unlisted": false,
  "tags": [],
  "version": "current",
  "sidebarPosition": 3,
  "frontMatter": {},
  "sidebar": "tutorialSidebar",
  "previous": {
    "title": "2 — Photolithography Basics (Analogy-Driven)",
    "permalink": "/docs/chapters/photolithography-basics"
  },
  "next": {
    "title": "1 — Introduction: Why Microchips Matter",
    "permalink": "/docs/chapters/intro"
  }
}