{"version":{"pluginId":"default","version":"current","label":"Next","banner":null,"badge":false,"noIndex":false,"className":"docs-version-current","isLast":true,"docsSidebars":{"tutorialSidebar":[{"type":"link","label":"Welcome to EUV Lithography Guide","href":"/docs/intro","docId":"intro","unlisted":false},{"type":"category","label":"EUV Lithography Guide","items":[{"type":"link","label":"1 — Introduction: Why Microchips Matter","href":"/docs/chapters/intro","docId":"chapters/intro","unlisted":false},{"type":"link","label":"2 — Photolithography Basics (Analogy-Driven)","href":"/docs/chapters/photolithography-basics","docId":"chapters/photolithography-basics","unlisted":false},{"type":"link","label":"3 — Why EUV? The Rayleigh Criterion","href":"/docs/chapters/why-euv-rayleigh","docId":"chapters/why-euv-rayleigh","unlisted":false},{"type":"link","label":"1 — Introduction: Why Microchips Matter","href":"/docs/chapters/intro","docId":"chapters/intro","unlisted":false},{"type":"link","label":"1 — Introduction: Why Microchips Matter","href":"/docs/chapters/intro","docId":"chapters/intro","unlisted":false},{"type":"link","label":"2 — Photolithography Basics (Analogy-Driven)","href":"/docs/chapters/photolithography-basics","docId":"chapters/photolithography-basics","unlisted":false},{"type":"link","label":"2 — Photolithography Basics (Analogy-Driven)","href":"/docs/chapters/photolithography-basics","docId":"chapters/photolithography-basics","unlisted":false},{"type":"link","label":"3 — Why EUV? The Rayleigh Criterion","href":"/docs/chapters/why-euv-rayleigh","docId":"chapters/why-euv-rayleigh","unlisted":false},{"type":"link","label":"3 — Why EUV? The Rayleigh Criterion","href":"/docs/chapters/why-euv-rayleigh","docId":"chapters/why-euv-rayleigh","unlisted":false}],"collapsed":true,"collapsible":true}]},"docs":{"chapters/intro":{"id":"chapters/intro","title":"1 — Introduction: Why Microchips Matter","description":"Microchips power phones, laptops, AI accelerators, cars, and cloud servers. Each advanced chip hosts billions of transistors wired together in nanoscale patterns.","sidebar":"tutorialSidebar"},"chapters/photolithography-basics":{"id":"chapters/photolithography-basics","title":"2 — Photolithography Basics (Analogy-Driven)","description":"Photolithography is like projecting a stencil onto photosensitive paint. A mask carries the pattern; optics image it onto photoresist on the wafer; development reveals the pattern; etch transfers it into materials.","sidebar":"tutorialSidebar"},"chapters/why-euv-rayleigh":{"id":"chapters/why-euv-rayleigh","title":"3 — Why EUV? The Rayleigh Criterion","description":"The fundamental physics of light limits how small features we can print. The Rayleigh criterion tells us the minimum feature size achievable with optical lithography.","sidebar":"tutorialSidebar"},"intro":{"id":"intro","title":"Welcome to EUV Lithography Guide","description":"This site is built with Docusaurus, using MDX (Markdown + React) to provide an accessible, interactive learning experience for next-generation semiconductor manufacturing.","sidebar":"tutorialSidebar"}}}}