{"allContent":{"docusaurus-plugin-content-docs":{"default":{"loadedVersions":[{"versionName":"current","label":"Next","banner":null,"badge":false,"noIndex":false,"className":"docs-version-current","path":"/docs","tagsPath":"/docs/tags","isLast":true,"routePriority":-1,"sidebarFilePath":"D:\\dev_packages\\pdf maker\\euv-guide-site\\sidebars.ts","contentPath":"D:\\dev_packages\\pdf maker\\euv-guide-site\\docs","contentPathLocalized":"D:\\dev_packages\\pdf maker\\euv-guide-site\\i18n\\en\\docusaurus-plugin-content-docs\\current","docs":[{"id":"chapters/intro","title":"intro","description":"","source":"@site/docs/chapters/01-intro.mdx","sourceDirName":"chapters","slug":"/chapters/intro","permalink":"/docs/chapters/intro","draft":false,"unlisted":false,"tags":[],"version":"current","sidebarPosition":1,"frontMatter":{},"sidebar":"tutorialSidebar","previous":{"title":"Welcome to EUV Lithography Guide","permalink":"/docs/intro"},"next":{"title":"2 — Photolithography Basics (Analogy-Driven)","permalink":"/docs/chapters/photolithography-basics"}},{"id":"chapters/intro","title":"1 — Introduction: Why Microchips Matter","description":"Microchips power phones, laptops, AI accelerators, cars, and cloud servers. Each advanced chip hosts billions of transistors wired together in nanoscale patterns.","source":"@site/docs/chapters/intro.mdx","sourceDirName":"chapters","slug":"/chapters/intro","permalink":"/docs/chapters/intro","draft":false,"unlisted":false,"tags":[],"version":"current","sidebarPosition":1,"frontMatter":{"title":"1 — Introduction: Why Microchips Matter","sidebar_position":1},"sidebar":"tutorialSidebar","previous":{"title":"Welcome to EUV Lithography Guide","permalink":"/docs/intro"},"next":{"title":"2 — Photolithography Basics (Analogy-Driven)","permalink":"/docs/chapters/photolithography-basics"}},{"id":"chapters/photolithography-basics","title":"photolithography-basics","description":"","source":"@site/docs/chapters/02-photolithography-basics.mdx","sourceDirName":"chapters","slug":"/chapters/photolithography-basics","permalink":"/docs/chapters/photolithography-basics","draft":false,"unlisted":false,"tags":[],"version":"current","sidebarPosition":2,"frontMatter":{},"sidebar":"tutorialSidebar","previous":{"title":"1 — Introduction: Why Microchips Matter","permalink":"/docs/chapters/intro"},"next":{"title":"3 — Why EUV? The Rayleigh Criterion","permalink":"/docs/chapters/why-euv-rayleigh"}},{"id":"chapters/photolithography-basics","title":"2 — Photolithography Basics (Analogy-Driven)","description":"Photolithography is like projecting a stencil onto photosensitive paint. A mask carries the pattern; optics image it onto photoresist on the wafer; development reveals the pattern; etch transfers it into materials.","source":"@site/docs/chapters/photolithography-basics.mdx","sourceDirName":"chapters","slug":"/chapters/photolithography-basics","permalink":"/docs/chapters/photolithography-basics","draft":false,"unlisted":false,"tags":[],"version":"current","sidebarPosition":2,"frontMatter":{"title":"2 — Photolithography Basics (Analogy-Driven)","sidebar_position":2},"sidebar":"tutorialSidebar","previous":{"title":"1 — Introduction: Why Microchips Matter","permalink":"/docs/chapters/intro"},"next":{"title":"3 — Why EUV? The Rayleigh Criterion","permalink":"/docs/chapters/why-euv-rayleigh"}},{"id":"chapters/why-euv-rayleigh","title":"why-euv-rayleigh","description":"","source":"@site/docs/chapters/03-why-euv-rayleigh.mdx","sourceDirName":"chapters","slug":"/chapters/why-euv-rayleigh","permalink":"/docs/chapters/why-euv-rayleigh","draft":false,"unlisted":false,"tags":[],"version":"current","sidebarPosition":3,"frontMatter":{},"sidebar":"tutorialSidebar","previous":{"title":"2 — Photolithography Basics (Analogy-Driven)","permalink":"/docs/chapters/photolithography-basics"},"next":{"title":"1 — Introduction: Why Microchips Matter","permalink":"/docs/chapters/intro"}},{"id":"chapters/why-euv-rayleigh","title":"3 — Why EUV? The Rayleigh Criterion","description":"The fundamental physics of light limits how small features we can print. The Rayleigh criterion tells us the minimum feature size achievable with optical lithography.","source":"@site/docs/chapters/why-euv-rayleigh.mdx","sourceDirName":"chapters","slug":"/chapters/why-euv-rayleigh","permalink":"/docs/chapters/why-euv-rayleigh","draft":false,"unlisted":false,"tags":[],"version":"current","sidebarPosition":3,"frontMatter":{"title":"3 — Why EUV? The Rayleigh Criterion","sidebar_position":3},"sidebar":"tutorialSidebar","previous":{"title":"2 — Photolithography Basics (Analogy-Driven)","permalink":"/docs/chapters/photolithography-basics"},"next":{"title":"1 — Introduction: Why Microchips Matter","permalink":"/docs/chapters/intro"}},{"id":"intro","title":"Welcome to EUV Lithography Guide","description":"This site is built with Docusaurus, using MDX (Markdown + React) to provide an accessible, interactive learning experience for next-generation semiconductor manufacturing.","source":"@site/docs/intro.mdx","sourceDirName":".","slug":"/intro","permalink":"/docs/intro","draft":false,"unlisted":false,"tags":[],"version":"current","sidebarPosition":1,"frontMatter":{"sidebar_position":1},"sidebar":"tutorialSidebar","next":{"title":"1 — Introduction: Why Microchips Matter","permalink":"/docs/chapters/intro"}}],"drafts":[],"sidebars":{"tutorialSidebar":[{"type":"doc","id":"intro"},{"type":"category","label":"EUV Lithography Guide","items":[{"type":"doc","id":"chapters/intro"},{"type":"doc","id":"chapters/photolithography-basics"},{"type":"doc","id":"chapters/why-euv-rayleigh"},{"type":"doc","id":"chapters/intro"},{"type":"doc","id":"chapters/intro"},{"type":"doc","id":"chapters/photolithography-basics"},{"type":"doc","id":"chapters/photolithography-basics"},{"type":"doc","id":"chapters/why-euv-rayleigh"},{"type":"doc","id":"chapters/why-euv-rayleigh"}],"collapsed":true,"collapsible":true}]}}]}},"docusaurus-plugin-content-pages":{"default":[{"type":"jsx","permalink":"/","source":"@site/src/pages/index.js"}]},"docusaurus-plugin-debug":{},"docusaurus-plugin-svgr":{},"docusaurus-theme-classic":{},"@easyops-cn/docusaurus-search-local":{},"docusaurus-bootstrap-plugin":{},"docusaurus-mdx-fallback-plugin":{}}}