{
  "/__docusaurus/debug-5ff": {
    "__comp": "__comp---theme-debug-config-23-a-2ff",
    "__context": {
      "plugin": "plugin---docusaurus-debugb-38-ad3"
    }
  },
  "/__docusaurus/debug/config-5ba": {
    "__comp": "__comp---theme-debug-config-23-a-2ff",
    "__context": {
      "plugin": "plugin---docusaurus-debugb-38-ad3"
    }
  },
  "/__docusaurus/debug/content-a2b": {
    "__comp": "__comp---theme-debug-contentba-8-ce7",
    "__context": {
      "plugin": "plugin---docusaurus-debugb-38-ad3"
    },
    "__props": "__props---docusaurus-debug-content-3-c-0-be2"
  },
  "/__docusaurus/debug/globalData-c3c": {
    "__comp": "__comp---theme-debug-global-dataede-0fa",
    "__context": {
      "plugin": "plugin---docusaurus-debugb-38-ad3"
    }
  },
  "/__docusaurus/debug/metadata-156": {
    "__comp": "__comp---theme-debug-site-metadata-68-e-3d4",
    "__context": {
      "plugin": "plugin---docusaurus-debugb-38-ad3"
    }
  },
  "/__docusaurus/debug/registry-88c": {
    "__comp": "__comp---theme-debug-registry-679-501",
    "__context": {
      "plugin": "plugin---docusaurus-debugb-38-ad3"
    }
  },
  "/__docusaurus/debug/routes-000": {
    "__comp": "__comp---theme-debug-routes-946-699",
    "__context": {
      "plugin": "plugin---docusaurus-debugb-38-ad3"
    }
  },
  "/search-822": {
    "__comp": "__comp---theme-search-page-1-a-4-d6f",
    "__context": {
      "plugin": "plugin---search-138-688"
    }
  },
  "/docs-cfa": {
    "__comp": "__comp---theme-docs-root-5-e-9-0b6",
    "__context": {
      "plugin": "plugin---docsaba-d7c"
    }
  },
  "/docs-37a": {
    "__comp": "__comp---theme-doc-version-roota-7-b-5de",
    "__props": "__props---docs-005-788"
  },
  "/docs-083": {
    "__comp": "__comp---theme-doc-roota-94-67a"
  },
  "/docs/chapters/intro-6c4": {
    "__comp": "__comp---theme-doc-item-178-a40",
    "content": "content---docs-chapters-intro-129-353"
  },
  "/docs/chapters/intro-e8b": {
    "__comp": "__comp---theme-doc-item-178-a40",
    "content": "content---docs-chapters-introbc-4-34f"
  },
  "/docs/chapters/photolithography-basics-7f6": {
    "__comp": "__comp---theme-doc-item-178-a40",
    "content": "content---docs-chapters-photolithography-basicsefc-d5d"
  },
  "/docs/chapters/photolithography-basics-88e": {
    "__comp": "__comp---theme-doc-item-178-a40",
    "content": "content---docs-chapters-photolithography-basics-884-244"
  },
  "/docs/chapters/why-euv-rayleigh-0bc": {
    "__comp": "__comp---theme-doc-item-178-a40",
    "content": "content---docs-chapters-why-euv-rayleigh-05-e-703"
  },
  "/docs/chapters/why-euv-rayleigh-f4b": {
    "__comp": "__comp---theme-doc-item-178-a40",
    "content": "content---docs-chapters-why-euv-rayleigh-526-5d8"
  },
  "/docs/intro-89a": {
    "__comp": "__comp---theme-doc-item-178-a40",
    "content": "content---docs-introf-84-2b4"
  },
  "/-2e1": {
    "__comp": "__comp---site-src-pages-index-jsc-4-f-f99",
    "__context": {
      "plugin": "plugin---a-74-9d6"
    },
    "config": "config---5-e-9-4f3"
  }
}