{
  "docusaurusVersion": "3.8.1",
  "siteVersion": "0.0.1",
  "pluginVersions": {
    "docusaurus-plugin-content-docs": {
      "type": "package",
      "name": "@docusaurus/plugin-content-docs",
      "version": "3.8.1"
    },
    "docusaurus-plugin-content-pages": {
      "type": "package",
      "name": "@docusaurus/plugin-content-pages",
      "version": "3.8.1"
    },
    "docusaurus-plugin-debug": {
      "type": "package",
      "name": "@docusaurus/plugin-debug",
      "version": "3.8.1"
    },
    "docusaurus-plugin-svgr": {
      "type": "package",
      "name": "@docusaurus/plugin-svgr",
      "version": "3.8.1"
    },
    "docusaurus-theme-classic": {
      "type": "package",
      "name": "@docusaurus/theme-classic",
      "version": "3.8.1"
    },
    "@easyops-cn/docusaurus-search-local": {
      "type": "package",
      "name": "@easyops-cn/docusaurus-search-local",
      "version": "0.52.1"
    }
  }
}